,Logistic,KNN,SVM,RF,ExT,Ada,Grad,XGB,CatB,MLP
0,0.5,0.5,0.5,0.4,0.4,0.3333333333333333,0.4,0.3333333333333333,0.4,0.4
1,0.5,0.0,0.0,0.0,0.0,0.5,0.0,0.5,0.0,0.0
2,0.3333333333333333,0.5,0.5,0.4,0.5,0.3333333333333333,0.4,0.4,0.5,0.3333333333333333
3,0.8,0.0,0.8,0.8,1.0,0.5,0.8,0.5,0.8,0.8
4,0.5,0.5,0.5,0.5,0.5,0.3333333333333333,0.8,0.5,0.5,0.3333333333333333
5,0.5714285714285714,0.0,0.5714285714285714,0.5714285714285714,0.5714285714285714,0.5714285714285714,0.5714285714285714,0.5714285714285714,0.5714285714285714,0.5714285714285714
6,0.0,0.5,0.0,0.0,0.4,0.0,0.4,0.4,0.4,0.4
7,0.5,0.5,0.5,0.4,0.4,0.5,0.5,0.8,0.5,0.5
8,0.8,0.0,0.8,0.8,0.8,0.8,0.8,0.8,0.8,0.8
9,0.5,0.5,0.5,0.5,0.5,0.8,0.8,0.5,0.5,0.5
10,0.8,0.0,0.8,0.8,1.0,0.8,0.8,0.6666666666666666,0.8,0.6666666666666666
11,0.5,0.5,0.5,0.5,0.5,0.3333333333333333,0.4,0.5,0.5,0.5
12,0.6666666666666666,0.0,0.6666666666666666,0.6666666666666666,0.8571428571428571,0.4,0.8571428571428571,0.6666666666666666,0.6666666666666666,0.6666666666666666
13,0.5,0.0,0.0,0.0,0.0,0.3333333333333333,0.0,0.4,0.4,0.4
14,0.5,0.5,0.5,0.5,0.8,0.5,0.5,0.5,0.5,0.5
15,0.4,0.5,0.5,0.5,0.4,0.4,0.8,0.5,0.5,0.5
16,0.5,0.5,0.5,0.6666666666666666,0.6666666666666666,0.5,0.4,1.0,0.5,0.8
17,0.4,0.4,0.4,0.4,0.4,0.4,0.4,0.4,0.4,0.4
18,0.5,0.5,0.5,0.5,0.5,0.5,0.5,0.0,0.5,0.5
19,0.5,0.0,0.5,0.4,0.4,0.5,0.4,0.3333333333333333,0.4,0.3333333333333333
20,0.4,0.5,0.5,0.5,0.5,0.5714285714285714,0.4,0.6666666666666666,0.5,0.4
21,0.8,0.0,0.8,0.8,0.8,0.5,0.6666666666666666,0.8,0.8,0.8
22,0.5,0.0,0.5,0.5,0.4,0.4,0.4,0.4,0.5,0.4
23,0.0,0.0,0.0,0.0,0.0,0.0,0.0,0.0,0.0,0.0
24,0.5,0.5,0.5,0.4,0.4,0.5,0.5,0.5,0.5,0.5
25,0.8,0.0,0.8,0.8,0.8,0.8,0.8,0.8,0.8,0.8
26,0.5,0.5,0.5,0.5,0.5,0.4,0.5,0.5,0.5,0.5
27,0.4,0.4,0.4,0.4,0.6666666666666666,0.3333333333333333,0.6666666666666666,0.3333333333333333,0.4,0.3333333333333333
28,0.4,0.4,0.4,0.4,0.4,0.3333333333333333,0.4,0.4,0.4,0.4
29,0.5,0.5,0.5,0.5,0.4,0.4,0.5,0.4,0.4,0.4
